address,label
Akarca Mah. Adnan Menderes Cad. 864.Sok. No:15 D.1 K.2 .,0
Cumhuriye Mah. Hükümet Cad. Sivriler İşhanı No:3 Fethiye/Muğla Foto Kandiye Muğla / Fethiye,1
İsmet inönü mahallesi 2001 sokak no:2 Çeşme belediyesi Çeşme,2
"Gazeteci Hasan Tahsin Caddesi, No:10/3,  Gizem Apartman ",3
Bitez mahallesi Adnan Menderes caddesi gündonumu mevkii 1410.sokak no 90A Doria hotel,4
Dedebaşı mahallesi 6100 sokak no 10 Kat 7 daire 25 ,5
Dikili Güzelbelde Sitesi Müsellim Altı No:51 Kabakum Dikili / İzmir  KABAKUM DİKİLİ İzmir,6
Yeni sanayi mahallesi 515 sokak no 53 c3 blok emek aliminyum,7
Pazaryeri mah. 417. sk. No:6/4 Fethiye/MUĞLA,8
Bodrum/muğla GÜMÜŞLÜK BODRUM Muğla",9
